id,first_name, last_name, email, phone, undefined 
 1,Lani, Rollins, blandit@quam.com, 1-633-389-7173, undefined 
 2,McKenzie, Burris, mauris.Morbi.non@nequeNullam.com, 1-906-235-0832, undefined 
 3,Amethyst, Morgan, dui@magnis.ca, 1-548-366-6273, undefined 
 4,Lamar, Hardin, pharetra.felis.eget@mattisInteger.com, 1-519-693-8091, undefined 
 5,Keegan, Coleman, leo.Cras.vehicula@musProinvel.edu, 1-998-626-8896, undefined 
 6,Marshall, Griffith, egestas.Aliquam@Proinvelnisl.edu, 1-554-353-5053, undefined 
 7,Jonah, Deleon, Donec.tincidunt.Donec@dolor.org, 1-782-671-2356, undefined 
 8,Jackson, Howell, eleifend@Nuncullamcorpervelit.ca, 1-323-738-0807, undefined 
 9,Kieran, Edwards, a.enim@perinceptoshymenaeos.com, 1-695-830-5757, undefined 
 10,Fiona, Howard, ut.quam@loremfringillaornare.org, 1-494-585-2386, undefined 
 11,Jorden, Ruiz, iaculis.lacus.pede@temporerat.com, 1-314-890-5249, undefined 
 12,Kendall, Burt, eu.eros@eutellus.org, 1-141-379-8276, undefined 
 13,Blossom, Cantrell, Suspendisse.aliquet@estarcu.ca, 1-369-893-7454, undefined 
 14,Latifah, Barron, est@mauris.edu, 1-321-158-7603, undefined 
 15,Brenna, Horton, morbi@AliquamnislNulla.edu, 1-564-409-7698, undefined 
 16,Ray, Alexander, ac@Duis.edu, 1-400-270-5855, undefined 
 17,Tyler, Daniels, ac@morbitristiquesenectus.com, 1-192-852-6320, undefined 
 18,Hanae, Kelly, Mauris.magna@loremfringillaornare.org, 1-136-621-1133, undefined 
 19,Barrett, Chan, sed@mollis.org, 1-268-800-8354, undefined 
 20,Wylie, Holden, et@nibhsit.com, 1-174-288-4996, undefined 
 21,Hedda, Downs, pede.Nunc.sed@Sedauctor.ca, 1-349-185-4895, undefined 
 22,Hope, Hooper, viverra@tristiquealiquet.edu, 1-669-268-8015, undefined 
 23,Avram, Lloyd, Lorem@blanditatnisi.ca, 1-834-324-8689, undefined 
 24,Emerald, Graham, placerat.velit.Quisque@euismodurnaNullam.com, 1-191-903-4185, undefined 
 25,Bert, Mullen, mauris@velarcu.org, 1-869-728-6513, undefined 
 26,Xerxes, Cohen, quam.vel.sapien@orci.com, 1-268-787-2932, undefined 
 27,Xaviera, Simpson, Fusce.mi.lorem@ligulaAliquam.com, 1-463-925-2269, undefined 
 28,Joy, Wooten, mi.Aliquam@pede.ca, 1-814-208-3061, undefined 
 29,Kane, Good, euismod.in@vitaepurusgravida.com, 1-648-965-8144, undefined 
 30,Blossom, Odom, commodo.at.libero@consectetueripsum.com, 1-792-199-1426, undefined 
 31,Ivy, Wise, egestas.lacinia.Sed@consequatnec.org, 1-680-405-9126, undefined 
 32,Allegra, Rosales, elit.pellentesque@Nullamenim.org, 1-545-798-3482, undefined 
 33,Candice, Kent, neque.Morbi@risus.ca, 1-533-455-0536, undefined 
 34,Yen, Ryan, Cras@Nuncullamcorper.edu, 1-161-509-6241, undefined 
 35,Vivian, Larson, orci.Ut@et.edu, 1-445-598-1973, undefined 
 36,Lawrence, Beach, risus@rhoncus.ca, 1-678-303-4989, undefined 
 37,Marvin, Stuart, amet.ultricies.sem@vitae.edu, 1-721-818-2782, undefined 
 38,Kimberley, Alvarado, sed.dui.Fusce@Morbiquis.com, 1-877-365-2340, undefined 
 39,Yardley, Pruitt, eu@nullaante.com, 1-471-640-8907, undefined 
 40,James, Oneill, pede.Cras@eleifendnec.org, 1-881-215-2135, undefined 
 41,Florence, Ruiz, lorem@aliquet.ca, 1-729-520-3677, undefined 
 42,Jerry, Ellison, sit.amet.consectetuer@elit.edu, 1-396-500-9380, undefined 
 43,Aphrodite, Whitfield, enim.Curabitur.massa@elementumategestas.ca, 1-328-695-3383, undefined 
 44,Hayes, Weber, ac@tincidunt.edu, 1-711-759-7595, undefined 
 45,Justine, Mosley, nec.ligula@Pellentesquehabitantmorbi.edu, 1-577-815-1542, undefined 
 46,Alfreda, Peck, eu.elit@rutrumeu.com, 1-103-863-3199, undefined 
 47,Jessamine, Swanson, placerat.orci.lacus@malesuadaInteger.com, 1-279-324-6219, undefined 
 48,Jemima, Mack, Duis.volutpat@Cumsociis.com, 1-415-725-7745, undefined 
 49,Isabella, Santiago, erat@Duisami.ca, 1-302-923-9793, undefined 
 50,Maia, Mathews, vulputate.risus.a@scelerisquemollisPhasellus.com, 1-730-514-0531, undefined 
 51,Hiram, Freeman, ipsum.Phasellus.vitae@ullamcorpereu.com, 1-628-507-8637, undefined 
 52,Kameko, Garrison, Morbi.neque.tellus@molestie.edu, 1-625-688-7216, undefined 
 53,Ivy, Robinson, Phasellus.nulla@malesuadavel.org, 1-884-748-4013, undefined 
 54,Zachery, Diaz, adipiscing.elit@nullavulputatedui.org, 1-463-284-8324, undefined 
 55,Charissa, Mitchell, pede@utsem.com, 1-261-763-9654, undefined 
 56,Montana, Hardy, vel@pellentesquetellussem.org, 1-960-893-2196, undefined 
 57,Alexander, Henson, Nullam.nisl.Maecenas@aliquamenim.org, 1-319-384-6588, undefined 
 58,Octavia, Odom, per.inceptos@nonfeugiatnec.com, 1-526-745-3491, undefined 
 59,Ruby, Maddox, fringilla.est@mollisduiin.com, 1-167-716-6832, undefined 
 60,Buckminster, Woodward, Curabitur.ut@metusAliquam.edu, 1-325-675-7514, undefined 
 61,Troy, Vinson, eu@netus.ca, 1-796-489-6093, undefined 
 62,Ivan, Hernandez, dui@Craseutellus.edu, 1-316-167-5567, undefined 
 63,Riley, Nguyen, mollis.dui@sapiencursus.com, 1-843-542-8970, undefined 
 64,Hermione, Hahn, Aenean.egestas@nonantebibendum.edu, 1-728-385-0615, undefined 
 65,Jerry, Mcintosh, accumsan@dolortempus.com, 1-905-802-7462, undefined 
 66,Tamekah, Fox, amet.consectetuer.adipiscing@vitae.ca, 1-403-475-9211, undefined 
 67,Benedict, Lloyd, Vivamus.euismod.urna@nibhPhasellus.ca, 1-381-127-3111, undefined 
 68,Chaim, Cherry, Etiam@Maecenasiaculis.com, 1-808-829-9357, undefined 
 69,Paloma, Avila, dis.parturient@molestie.ca, 1-486-797-8181, undefined 
 70,Cheryl, Hayes, et.ipsum@id.com, 1-294-239-8095, undefined 
 71,Nash, Flynn, lorem@facilisisSuspendisse.edu, 1-488-207-3219, undefined 
 72,Rebecca, Harris, Curae;.Phasellus@urnanec.org, 1-676-586-0591, undefined 
 73,Althea, Mcintyre, sem.vitae.aliquam@temporeratneque.ca, 1-286-518-4810, undefined 
 74,Brock, Paul, mattis.Integer@aliquetdiam.com, 1-820-970-9769, undefined 
 75,Vanna, Maddox, nunc.id.enim@eunequepellentesque.org, 1-373-765-8833, undefined 
 76,Maia, Morrison, egestas.Fusce.aliquet@quispede.edu, 1-461-447-3331, undefined 
 77,Evan, Barnes, erat.in.consectetuer@Donec.com, 1-138-812-2889, undefined 
 78,Sylvia, Gomez, vehicula.risus.Nulla@velfaucibusid.edu, 1-209-542-6835, undefined 
 79,Noble, Mills, Quisque@NullamenimSed.ca, 1-571-859-7437, undefined 
 80,Jaime, Bell, mus.Aenean@Curabitur.org, 1-699-372-8480, undefined 
 81,Jarrod, Lopez, egestas.ligula@egestas.org, 1-884-627-3686, undefined 
 82,George, Ball, a@etnetuset.ca, 1-181-829-8754, undefined 
 83,Bevis, Mckenzie, justo.sit.amet@parturientmontes.edu, 1-178-547-1872, undefined 
 84,Quintessa, Howell, eu.dui@ipsumleo.ca, 1-347-212-6283, undefined 
 85,September, Fulton, sem.ut.dolor@leoin.ca, 1-805-182-3676, undefined 
 86,Edan, Clements, erat.semper.rutrum@pedenonummy.ca, 1-730-358-6414, undefined 
 87,Francis, Medina, Nam@neccursus.org, 1-508-865-4972, undefined 
 88,Yetta, Faulkner, egestas.lacinia@semPellentesqueut.ca, 1-336-978-3144, undefined 
 89,Davis, Vega, commodo.tincidunt@dolortempus.ca, 1-323-721-0245, undefined 
 90,Wing, Hatfield, tincidunt.congue@turpisIncondimentum.com, 1-651-165-4851, undefined 
 91,Quon, Wilcox, dictum.ultricies.ligula@quam.ca, 1-920-144-5488, undefined 
 92,Carson, Lynch, Cum.sociis@magna.org, 1-272-668-7475, undefined 
 93,Xaviera, Anderson, amet.metus@eu.ca, 1-133-672-4970, undefined 
 94,Ivor, Weber, Nam@vulputate.com, 1-852-509-0906, undefined 
 95,Stella, Armstrong, adipiscing.elit@dictum.edu, 1-654-142-1913, undefined 
 96,Ann, Farrell, scelerisque@turpis.org, 1-686-786-3777, undefined 
 97,Kennedy, Rich, euismod.est@iaculisodio.edu, 1-553-644-9572, undefined 
 98,Adria, Santiago, nibh@nuncullamcorper.com, 1-180-457-1157, undefined 
 99,Sarah, Waters, nonummy.ac.feugiat@diamSed.com, 1-187-134-2333, undefined 
 100,Bernard, Price, tellus@tempordiamdictum.org, 1-373-588-1689, undefined 
 101,Maia, Estrada, et.commodo@dictumeu.org, 1-451-794-0013, undefined 
 102,Kimberly, Banks, cursus.non@nec.com, 1-703-971-8342, undefined 
 103,Dane, Rosales, metus.Aliquam@auctor.edu, 1-994-906-2567, undefined 
 104,Melodie, Whitehead, dui.Cras.pellentesque@vulputateposuerevulputate.com, 1-665-590-7281, undefined 
 105,Bethany, Baird, est@lobortisauguescelerisque.org, 1-801-168-8287, undefined 
 106,Haviva, Lane, ultrices.mauris@ornare.com, 1-634-452-5636, undefined 
 107,Perry, Day, arcu.Morbi.sit@lacinia.com, 1-233-161-7064, undefined 
 108,Sheila, Rollins, Pellentesque.tincidunt.tempus@Nullaeget.org, 1-850-423-0956, undefined 
 109,Donovan, Melendez, vulputate.dui@insodaleselit.edu, 1-842-548-9366, undefined 
 110,Leandra, Boone, feugiat.nec.diam@atauctorullamcorper.com, 1-356-341-9774, undefined 
 111,Kaden, Matthews, ante@consectetuermauris.ca, 1-906-932-5932, undefined 
 112,Eleanor, Ewing, faucibus.leo@Quisquenonummy.edu, 1-853-831-2874, undefined 
 113,Ignatius, Bruce, nonummy@cursus.ca, 1-951-554-7873, undefined 
 114,Hillary, Francis, vel.faucibus@arcu.edu, 1-931-228-6606, undefined 
 115,Shana, Barry, Nunc.commodo.auctor@rhoncusNullamvelit.ca, 1-582-360-6031, undefined 
 116,Nasim, James, orci@Curabituregestas.ca, 1-677-247-8286, undefined 
 117,Wallace, Rogers, Sed@a.edu, 1-550-263-3284, undefined 
 118,Zephr, Durham, et@mattisIntegereu.org, 1-123-942-6496, undefined 
 119,Carla, Edwards, id.ante@sitametrisus.edu, 1-165-394-8968, undefined 
 120,Shay, Lindsey, Ut.sagittis@velconvallis.ca, 1-630-370-9934, undefined 
 121,Barbara, Carson, Morbi.sit@Duis.ca, 1-522-329-1148, undefined 
 122,Leandra, Briggs, purus.Duis.elementum@consectetueradipiscingelit.org, 1-976-869-3719, undefined 
 123,Amos, Ellis, ac@nequeInornare.edu, 1-171-286-0476, undefined 
 124,Sylvia, Hernandez, bibendum.sed.est@nonluctus.edu, 1-319-681-5937, undefined 
 125,Sandra, Burnett, ac@vitae.edu, 1-487-424-1198, undefined 
 126,Kimberly, Espinoza, enim@Vivamuseuismod.org, 1-126-610-3915, undefined 
 127,Yoshi, Good, leo.elementum@NullamnislMaecenas.ca, 1-264-373-0363, undefined 
 128,Teagan, Burnett, neque.In.ornare@eget.edu, 1-802-293-7973, undefined 
 129,Barbara, Kemp, malesuada.id.erat@porttitorscelerisque.com, 1-917-944-3359, undefined 
 130,Sharon, Ramsey, erat.Etiam.vestibulum@commodotincidunt.edu, 1-786-673-9886, undefined 
 131,Stuart, Lloyd, montes@Fuscefermentum.edu, 1-565-700-7886, undefined 
 132,Tyler, Henry, Praesent.eu@tristique.ca, 1-711-790-3864, undefined 
 133,Carter, Bolton, sit.amet@vitaesodales.ca, 1-339-127-6111, undefined 
 134,Graham, Gonzalez, sodales.Mauris@at.com, 1-854-240-5612, undefined 
 135,Tate, Noble, scelerisque.dui@ipsumdolorsit.org, 1-124-745-9894, undefined 
 136,Zoe, Barr, Nullam@arcuacorci.ca, 1-918-579-8663, undefined 
 137,Harper, Mitchell, orci.lobortis@Etiambibendumfermentum.com, 1-410-490-8909, undefined 
 138,Fatima, Stafford, egestas.a@euplacerateget.ca, 1-459-215-5529, undefined 
 139,Liberty, Taylor, aliquet.magna@Suspendisse.edu, 1-671-561-4900, undefined 
 140,Berk, Sweeney, aliquam.eu.accumsan@ultricies.ca, 1-555-107-0666, undefined 
 141,Oren, Zamora, Proin.ultrices@egetodio.edu, 1-272-572-6814, undefined 
 142,Vera, Hewitt, ac.mattis.ornare@nibhAliquamornare.org, 1-932-909-5799, undefined 
 143,Lucian, Morrison, convallis@commodotinciduntnibh.ca, 1-460-952-3461, undefined 
 144,Heather, Langley, commodo.at@dolorsit.edu, 1-471-951-9180, undefined 
 145,Quamar, Mckay, cursus.in.hendrerit@nullaanteiaculis.org, 1-808-355-3908, undefined 
 146,Sandra, Keller, vestibulum.massa@turpisNullaaliquet.edu, 1-893-701-7876, undefined 
 147,Ila, Peterson, non@eudolor.ca, 1-875-375-0506, undefined 
 148,Lane, Valencia, tortor@Duisrisusodio.edu, 1-503-281-8389, undefined 
 149,Hedwig, Hooper, Mauris@libero.ca, 1-574-624-2842, undefined 
 150,Lyle, Calderon, tellus@hymenaeosMauris.edu, 1-712-640-5847, undefined 
 151,Dahlia, Rivers, Cras.pellentesque.Sed@lectus.org, 1-870-154-2255, undefined 
 152,Xerxes, Christensen, malesuada.fames.ac@sollicitudincommodoipsum.com, 1-543-128-8466, undefined 
 153,Linda, Sweeney, non@idenimCurabitur.edu, 1-856-172-6643, undefined 
 154,Piper, Green, semper.rutrum@velpedeblandit.com, 1-991-847-5066, undefined 
 155,Darryl, Hickman, luctus.sit@Donec.edu, 1-383-947-2216, undefined 
 156,Ella, Anthony, blandit.viverra@metus.ca, 1-886-493-0176, undefined 
 157,Maggie, Wiggins, luctus.et.ultrices@eros.edu, 1-208-439-0694, undefined 
 158,Dorothy, Wooten, diam.dictum.sapien@ametnullaDonec.ca, 1-351-478-0387, undefined 
 159,Austin, Burke, vitae.purus@a.ca, 1-779-739-1699, undefined 
 160,Quentin, Rowland, nisi.dictum@cursus.org, 1-485-514-2255, undefined 
 161,Haviva, Sharp, velit@sempertellus.com, 1-312-572-3509, undefined 
 162,Ashton, Boyd, dolor.Nulla.semper@sodaleselit.com, 1-997-213-8518, undefined 
 163,Walter, Poole, auctor.ullamcorper@pharetra.org, 1-547-898-7097, undefined 
 164,Ronan, Higgins, gravida.sagittis@purusac.ca, 1-663-425-2128, undefined 
 165,Jenette, Elliott, mollis.Phasellus@accumsansedfacilisis.ca, 1-606-405-1996, undefined 
 166,Aquila, Hammond, lacus@temporeratneque.com, 1-408-720-5731, undefined 
 167,Rashad, Bradley, consectetuer@quamvelsapien.com, 1-138-228-8329, undefined 
 168,Gail, Craig, lorem.sit.amet@atrisus.org, 1-416-999-1603, undefined 
 169,Fletcher, Price, ullamcorper.Duis@euismodindolor.com, 1-922-755-7975, undefined 
 170,Lance, Graves, non.nisi@tortorNunccommodo.org, 1-656-827-1647, undefined 
 171,Courtney, Delgado, tortor.Nunc.commodo@elit.ca, 1-954-741-2057, undefined 
 172,Branden, Estrada, fermentum.risus@utnisia.com, 1-731-896-6183, undefined 
 173,Summer, Bates, egestas.blandit@enimCurabiturmassa.com, 1-635-930-7532, undefined 
 174,Felicia, Franco, adipiscing@tristique.ca, 1-866-584-8652, undefined 
 175,Kimberley, Lang, at@urna.com, 1-285-839-0723, undefined 
 176,Joy, Diaz, enim@Aenean.edu, 1-645-511-7768, undefined 
 177,Libby, Santos, risus@Sedegetlacus.org, 1-864-836-2892, undefined 
 178,Elvis, Bartlett, Nulla.dignissim.Maecenas@faucibuslectus.ca, 1-250-827-6850, undefined 
 179,Tanisha, Jenkins, accumsan@sagittis.ca, 1-216-495-7256, undefined 
 180,Mercedes, Dyer, eu@idsapien.org, 1-384-979-9641, undefined 
 181,Blake, Pacheco, sed@eleifendnecmalesuada.org, 1-312-148-6107, undefined 
 182,Phillip, Kaufman, augue.porttitor@auctorullamcorpernisl.ca, 1-708-662-8898, undefined 
 183,Shaeleigh, Romero, blandit@Curabitur.org, 1-165-876-5519, undefined 
 184,Zelda, Stephens, purus@enimsit.org, 1-298-178-8668, undefined 
 185,Callum, Park, mollis@Donecdignissimmagna.com, 1-640-202-1903, undefined 
 186,Shafira, Moody, amet.dapibus.id@bibendumfermentummetus.com, 1-842-608-5255, undefined 
 187,Brenda, Gould, magna@Nullaeuneque.org, 1-268-369-6552, undefined 
 188,Amber, Harper, Cras.eu.tellus@turpis.org, 1-845-470-9841, undefined 
 189,Haviva, Harper, Quisque.tincidunt.pede@justoPraesent.ca, 1-728-473-6876, undefined 
 190,Deirdre, Wilkins, posuere@urnanecluctus.com, 1-325-209-3431, undefined 
 191,Ivana, Stark, nunc.sed.pede@auctorvitae.edu, 1-174-752-3723, undefined 
 192,Omar, Bishop, Nulla.tempor.augue@Nunc.org, 1-506-840-0997, undefined 
 193,Dominique, Lynch, turpis.Nulla.aliquet@Fuscemi.ca, 1-301-683-9547, undefined 
 194,Perry, Pope, molestie.tortor.nibh@tincidunt.edu, 1-142-231-9667, undefined 
 195,Alika, Dorsey, risus@luctusut.edu, 1-203-167-8357, undefined 
 196,Sloane, Reynolds, Ut.tincidunt@mollisPhaselluslibero.edu, 1-943-900-6028, undefined 
 197,Abra, Sanders, arcu@interdumCurabiturdictum.com, 1-182-827-5052, undefined 
 198,Blaze, Gould, lorem@Nullaeu.org, 1-377-980-7889, undefined 
 199,Talon, Ryan, condimentum@risusNuncac.org, 1-712-327-5317, undefined 
 200,Merritt, Joyce, malesuada.fringilla@elitNullafacilisi.edu, 1-702-580-4785, undefined 
 203,ming, cimz, cimiz@yahoo.com, 0815-000-2900, undefined 
 